[
    {
        "title": "Mow the lawn",
        "project": "House Chores",
        "elapsed": 5463816,
        "id": "0a4a79cb-b06d-4cb1-883d-549a1e3b66d7",
        "runningSince": null
    },
    {
        "title": "Ponder origins of universe",
        "project": "Life Chores",
        "id": "2c43306e-5b44-4ff8-8753-33c35adbd06f",
        "elapsed": 76936586592,
        "runningSince": null
    },
    {
        "title": "Fun",
        "project": "Times",
        "id": "d6bef415-d1dc-4d6d-9fd2-c0cd855a1ab3",
        "elapsed": 12036,
        "runningSince": null
    }
]